id,title,overview,vote_average,genres,release_date,user_ratings
533535,Deadpool & Wolverine,"A listless Wade Wilson toils away in civilian life with his days as the morally flexible mercenary, Deadpool, behind him. But when his homeworld faces an existential threat, Wade must reluctantly suit-up again with an even more reluctant Wolverine.",7.708,"Action, Comedy, Science Fiction",2024-07-24,"6.0, 9.0, 8.0, 6.0, 10.0, 7.0, 8.0, 10.0, 7.0, 10.0, 4.0, 8.0, 10.0, 9.0, 7.0"
365177,Borderlands,"Returning to her home planet, an infamous bounty hunter forms an unexpected alliance with a team of unlikely heroes. Together, they battle monsters and dangerous bandits to protect a young girl who holds the key to unimaginable power.",5.883,"Action, Science Fiction, Comedy, Adventure, Thriller",2024-08-07,"7.0, 5.0, 6.0, 1.0, 1.0, 3.0"
646097,Rebel Ridge,A former Marine confronts corruption in a small town when local law enforcement unjustly seizes the bag of cash he needs to post his cousin's bail.,7.0,"Crime, Action, Thriller",2024-08-27,"10.0, 4.0, 7.0"
1022789,Inside Out 2,"Teenager Riley's mind headquarters is undergoing a sudden demolition to make room for something entirely unexpected: new Emotions! Joy, Sadness, Anger, Fear and Disgust, who’ve long been running a successful operation by all accounts, aren’t sure how to feel when Anxiety shows up. And it looks like she’s not alone.",7.666,"Animation, Family, Adventure, Comedy, Fantasy",2024-06-11,"8.0, 6.0, 5.0, 7.0, 8.0"
917496,Beetlejuice Beetlejuice,"After a family tragedy, three generations of the Deetz family return home to Winter River. Still haunted by Beetlejuice, Lydia's life is turned upside down when her teenage daughter, Astrid, accidentally opens the portal to the Afterlife.",7.222,"Comedy, Fantasy, Horror",2024-09-04,"6.0, 8.0, 6.0, 10.0, 6.0, 7.0"
519182,Despicable Me 4,"Gru and Lucy and their girls—Margo, Edith and Agnes—welcome a new member to the Gru family, Gru Jr., who is intent on tormenting his dad. Gru also faces a new nemesis in Maxime Le Mal and his femme fatale girlfriend Valentina, forcing the family to go on the run.",7.187,"Animation, Family, Comedy, Action",2024-06-20,"8.0, 6.0, 6.0, 3.0, 3.0, 3.0, 2.0"
573435,Bad Boys: Ride or Die,"After their late former Captain is framed, Lowrey and Burnett try to clear his name, only to end up on the run themselves.",7.547,"Action, Crime, Thriller, Comedy",2024-06-05,"7.0, 7.0, 7.0, 1.0, 6.0, 9.0, 9.0"
970347,The Killer,"Zee is a feared contract killer known as ""the Queen of the Dead,"" but when she refuses to murder a young blind woman, she finds herself hunted both by criminal colleagues and a determined police detective.",6.54,"Action, Thriller, Crime",2024-08-22,"4.0, 5.0"
923667,Twilight of the Warriors: Walled In,"Set in the 1980s, troubled youth Chan Lok-kwun accidentally enters the Walled City, discovers the order amidst its chaos, and learns important life lessons along the way. In the Walled City, he becomes close friends with Shin, Twelfth Master and AV. Under the leadership of Cyclone, they resist against the invasion of villain Mr. Big in a series of fierce battles. Together, they vow to protect the safe haven that is Kowloon Walled City.",6.7,"Action, Adventure, Crime, Thriller",2024-04-23,"7.0, 7.0, 6.0"
4011,Beetlejuice,A newly dead New England couple seeks help from a deranged demon exorcist to scare an affluent New York family out of their home.,7.382,"Fantasy, Comedy",1988-03-30,"7.0, 7.0, 6.0, 6.0, 8.0, 8.0, 7.0"
718821,Twisters,"As storm season intensifies, the paths of former storm chaser Kate Carter and reckless social-media superstar Tyler Owens collide when terrifying phenomena never seen before are unleashed. The pair and their competing teams find themselves squarely in the paths of multiple storm systems converging over central Oklahoma in the fight of their lives.",6.987,"Action, Adventure, Thriller",2024-07-10,"6.0, 7.0, 6.0, 6.0, 10.0, 5.0, 4.0, 6.0"
1079091,It Ends with Us,"When a woman's first love suddenly reenters her life, her relationship with a charming, but abusive neurosurgeon is upended, and she realizes she must learn to rely on her own strength to make an impossible choice for her future.",6.734,"Romance, Drama",2024-08-07,"6.0, 6.0, 8.0"
1115396,Hunting Games,"When a group of ex-military members is hired to retrieve a lost bag of stolen money, their mission becomes more difficult after a lone hunter finds the bag first.",3.8,"Action, Thriller, TV Movie",2023-05-12,
945961,Alien: Romulus,"While scavenging the deep ends of a derelict space station, a group of young space colonizers come face to face with the most terrifying life form in the universe.",7.1,"Horror, Science Fiction",2024-08-13,"8.0, 7.0, 6.0, 7.0"
5492,Gunner,"While on a camping trip in order to reconnect, war veteran Colonel Lee Gunner must save his two sons from a gang of violent bikers when they're kidnapped after accidentally stumbling upon to a massive drug operation.",5.4,"Action, Thriller, Crime",2024-08-16,3.0
1032823,Trap,"A father and teen daughter attend a pop concert, where they realize they're at the center of a dark and sinister event.",6.53,"Crime, Thriller",2024-07-31,"2.0, 6.0, 6.0, 7.0, 1.0, 7.0, 4.0, 6.0, 6.0, 3.0"
1160018,Kill,"When an army commando finds out his true love is engaged against her will, he boards a New Dehli-bound train in a daring quest to derail the arranged marriage. But when a gang of knife-wielding thieves begin to terrorize innocent passengers on his train, the commando takes them on himself in a death-defying kill-spree to save those around him — turning what should have been a typical commute into an adrenaline-fueled thrill ride.",6.791,"Action, Crime",2024-07-03,"7.0, 5.0"
748783,The Garfield Movie,"Garfield, the world-famous, Monday-hating, lasagna-loving indoor cat, is about to have a wild outdoor adventure! After an unexpected reunion with his long-lost father – scruffy street cat Vic – Garfield and his canine friend Odie are forced from their perfectly pampered life into joining Vic in a hilarious, high-stakes heist.",7.118,"Animation, Comedy, Family, Adventure, Action",2024-04-30,"6.0, 3.0, 7.0, 7.0, 7.0"
831815,Saving Bikini Bottom: The Sandy Cheeks Movie,"When Bikini Bottom is scooped from the ocean, scientific squirrel Sandy Cheeks and her pal SpongeBob SquarePants saddle up for Texas to save their town.",6.402,"Animation, Comedy, Adventure, Family",2024-08-01,
704239,The Union,A New Jersey construction worker goes from regular guy to aspiring spy when his long-lost high school sweetheart recruits him for an espionage mission.,6.264,"Action, Comedy",2024-08-15,"4.0, 4.0, 3.0"
704239,The Union,A New Jersey construction worker goes from regular guy to aspiring spy when his long-lost high school sweetheart recruits him for an espionage mission.,6.264,"Action, Comedy",2024-08-15,"4.0, 4.0, 3.0"
762441,A Quiet Place: Day One,"As New York City is invaded by alien creatures who hunt by sound, a woman named Sam fights to survive with her cat.",6.81,"Horror, Science Fiction, Thriller",2024-06-26,"6.0, 8.0, 4.0, 8.0, 5.0, 6.0, 7.0, 7.0"
1226578,Longlegs,"FBI Agent Lee Harker is assigned to an unsolved serial killer case that takes an unexpected turn, revealing evidence of the occult. Harker discovers a personal connection to the killer and must stop him before he strikes again.",6.721,"Crime, Horror, Thriller",2024-05-31,"7.0, 7.0, 7.0, 8.0, 7.0, 5.0"
7451,xXx,"Xander Cage is your standard adrenaline junkie with no fear and a lousy attitude. When the US Government ""recruits"" him to go on a mission, he's not exactly thrilled. His mission: to gather information on an organization that may just be planning the destruction of the world, led by the nihilistic Yorgi.",5.937,"Action, Adventure, Thriller, Crime",2002-08-09,6.0
1049574,Darkness of Man,"Russell Hatch, an Interpol operative who takes on the role of father figure to Jayden, the son of an informant killed in a routine raid gone wrong. Years later, Hatch finds himself protecting Jayden and his grandfather from a group of merciless gangs in an all-out turf war, stopping at nothing to protect Jayden and fight anyone getting in his way.",6.584,Action,2024-05-07,
1094138,Jackpot!,"In the near future, a 'Grand Lottery' has been established - the catch: kill the winner before sundown to legally claim their multi-billion dollar jackpot. When Katie Kim mistakenly finds herself with the winning ticket, she reluctantly joins forces with amateur lottery protection agent Noel Cassidy who must get her to sundown in exchange for a piece of her prize.",6.394,"Comedy, Science Fiction",2024-08-13,"6.0, 7.0, 7.0"
950526,The Smoke Master,"The journey of Gabriel and Daniel, two brothers cursed by the Chinese mafia with its feared Three Generations Revenge, who have already reaped the life of their grandfather and their father. To survive, one of the brothers must learn the Smoke Style secrets, a little known Cannabis martial art, taught by a single master, high up in the mountains.",5.3,"Action, Comedy, Fantasy",2023-05-18,
1010581,My Fault,"Noah must leave her city, boyfriend, and friends to move into William Leister's mansion, the flashy and wealthy husband of her mother Rafaela. As a proud and independent 17 year old, Noah resists living in a mansion surrounded by luxury. However, it is there where she meets Nick, her new stepbrother, and the clash of their strong personalities becomes evident from the very beginning.",7.943,"Drama, Romance",2023-06-08,5.0
1114513,Speak No Evil,"When an American family is invited to spend the weekend at the idyllic country estate of a charming British family they befriended on vacation, what begins as a dream holiday soon warps into a snarled psychological nightmare.",7.177,"Horror, Thriller",2024-09-11,9.0
1130053,Cinderella's Curse,"Desperate Cinderella summons her fairy godmother from an ancient flesh-bound book, seeking revenge on her evil stepmother and stepsisters who abuse and torment her daily.",4.6,"Horror, Fantasy",2024-05-31,
653346,Kingdom of the Planet of the Apes,"Several generations following Caesar's reign, apes – now the dominant species – live harmoniously while humans have been reduced to living in the shadows. As a new tyrannical ape leader builds his empire, one young ape undertakes a harrowing journey that will cause him to question all he's known about the past and to make choices that will define a future for apes and humans alike.",7.139,"Science Fiction, Adventure, Action",2024-05-08,"7.0, 7.0, 6.0, 6.0, 8.0, 6.0, 7.0, 6.0, 5.0"
1129598,Prey,A young couple is compelled to leave their Christian missionary station in the Kalahari Desert after being threatened with death by an extremist militant gang. After crashing their aircraft they must battle man and beast for their lives.,6.412,"Action, Thriller",2024-03-15,"6.0, 5.0"
826510,Harold and the Purple Crayon,"Inside of his book, adventurous Harold can make anything come to life simply by drawing it. After he grows up and draws himself off the book's pages and into the physical world, Harold finds he has a lot to learn about real life.",6.981,"Adventure, Family, Fantasy, Comedy",2024-07-31,6.0
1298238,Untamed Royals,"A group of wealthy teenagers commit crimes that escalate from petty mischief to dangerous plots, causing chaotic consequences — but not for themselves.",5.9,"Thriller, Crime, Drama",2024-08-27,
588648,Dragonkeeper,"Set in Han Imperial China, the plot follows the adventures of enslaved girl Ping with ancient dragon Long Danzi. Dragons had been banished from the kingdom. Ping, an orphan, finds one of the last remaining dragon eggs. Palace guards force Ping to run away in order to return the dragon egg to the ocean and save all dragons from extinction. Ping discovers that she is a true Dragonkeeper.",7.253,"Action, Adventure, Animation, Family, Fantasy",2024-04-11,
1066262,The Convert,"Munro, a soldier turned lay preacher, comes to New Zealand to minister to the first British colonists, but he is converted by the powerful chief Maianui to serve a different purpose.",6.2,"Action, Drama",2024-03-14,
786892,Furiosa: A Mad Max Saga,"As the world fell, young Furiosa is snatched from the Green Place of Many Mothers and falls into the hands of a great Biker Horde led by the Warlord Dementus. Sweeping through the Wasteland they come across the Citadel presided over by The Immortan Joe. While the two Tyrants war for dominance, Furiosa must survive many trials as she puts together the means to find her way home.",7.577,"Action, Adventure, Science Fiction",2024-05-22,"7.0, 7.0, 6.0, 8.0, 8.0, 5.0, 5.0, 6.0"
1140168,Freddy's Fridays,"A detective begins to investigate a series of mysterious murders that are connected to a demonic book that brings dolls to life. As the body count begins to rise, the detective soon learns the curse of the demonic Friday and must find a way to stop it before any others disappear.",2.3,Horror,2023-10-13,
698687,Transformers One,"The untold origin story of Optimus Prime and Megatron, better known as sworn enemies, but once were friends bonded like brothers who changed the fate of Cybertron forever.",8.9,"Animation, Science Fiction, Adventure, Action, Family",2024-09-11,
14258,Wonderful Days,"Civilization has been destroyed by war and pollution, but the survivors have built the last city of Ecoban. As most natural resources have been exhausted, Ecoban is powered by pollution. The citizens of Ecoban need to continue creating this pollution leading them into conflict with the inhabitants of Marr while one man just wants to clear away the clouds and see the sky.",6.1,"Animation, Science Fiction",2003-07-17,
974262,Descendants: The Rise of Red,"After the Queen of Hearts incites a coup on Auradon, her rebellious daughter Red and Cinderella's perfectionist daughter Chloe join forces and travel back in time to try to undo the traumatic event that set Red's mother down her villainous path.",6.954,"Fantasy, Adventure, Family, Comedy",2024-07-11,"7.0, 8.0"
592695,Pleasure,"19 year old Linnéa leaves her small town in Sweden and heads for Los Angeles with the aim of becoming the world's next big porn star, but the road to her goal turns out to be bumpier than she imagined.",6.247,Drama,2021-10-08,7.0
1245708,Crescent City,"When a ruthless serial killer terrorizes a small Southern town, everyone becomes a suspect -- including local authorities. As the body count rises and the dark mystery deepens, the chief detective becomes haunted by the horrors of his past.",6.054,"Thriller, Horror, Crime, Mystery",2024-08-16,
929590,Civil War,"In the near future, a group of war journalists attempt to survive while reporting the truth as the United States stands on the brink of civil war.",6.9,"War, Action, Drama",2024-04-10,"8.0, 9.0, 6.0, 8.0, 7.0, 6.0, 7.0, 7.0, 7.0"
1091298,Attack of the Meth Gator,"On a small island in the Florida Everglades, a DEA agent and a local sheriff gather a team of locals to take down a giant meth-fueled alligator.",3.0,"Horror, Science Fiction, Action",2024-09-05,
823464,Godzilla x Kong: The New Empire,"Following their explosive showdown, Godzilla and Kong must reunite against a colossal undiscovered threat hidden within our world, challenging their very existence – and our own.",7.2,"Action, Adventure, Science Fiction, Fantasy, Thriller, Mystery",2024-03-27,"7.0, 6.0, 5.0, 7.0, 6.0, 3.0, 6.0, 6.0, 7.0, 4.0, 6.0, 4.0, 8.0, 1.0"
1134424,Mantra Warrior: The Legend of The Eight Moons,"A story inspired by the original RAMAYANA, retold in a futuristic universe, involving brave warriors who possess ancient powers from another dimension.",6.0,"Animation, Action, Adventure, Fantasy, Science Fiction",2023-10-11,
1281826,One Fast Move,"A dishonorably discharged soldier seeks out his estranged father to help him pursue his dream of becoming a professional motorcycle racer. While training, he meets a small-town, aspiring singer and a motorcycle shop owner who begin to break down the walls his father's absence had built up.",6.735,"Action, Drama, Romance",2024-08-07,
1011985,Kung Fu Panda 4,"Po is gearing up to become the spiritual leader of his Valley of Peace, but also needs someone to take his place as Dragon Warrior. As such, he will train a new kung fu practitioner for the spot and will encounter a villain called the Chameleon who conjures villains from the past.",7.108,"Animation, Family, Fantasy, Action",2024-03-02,"6.0, 6.0, 2.0, 8.0, 6.0"
959092,Mayhem!,"Sam is a professional boxer about to get released from prison. While on parole, his past catches up with him and he has no choice but to flee. Five years later, he has rebuilt a simple life on an exotic island in Thailand with his wife and her daughter, but when he gets blackmailed by a dangerous local godfather, he must embark on a dangerous drug smuggling mission which results in a tragedy. Now he has only one purpose: to seek merciless vengeance.",6.674,"Action, Crime, Drama",2023-06-28,
957452,The Crow,"Soulmates Eric and Shelly are brutally murdered when the demons of her dark past catch up with them. Given the chance to save his true love by sacrificing himself, Eric sets out to seek merciless revenge on their killers, traversing the worlds of the living and the dead to put the wrong things right.",5.503,"Fantasy, Action, Horror, Thriller",2024-08-21,"6.0, 5.0, 2.0"
1059064,The Instigators,"Rory and Cobby are unlikely partners thrown together for a heist. But when it goes awry, they team up to outrun police, backward bureaucrats, and a vengeful crime boss.",6.21,"Crime, Comedy, Action",2024-08-02,3.0
482600,Japanese Mom,"""Innocent face, D-cup breasts and perfect intercourse skills! Son, this is not your girlfriend anymore but your mother!""  Ki-ho brings Yuki from Japan to marry her. However, he starts cheating on her with his ex-girlfriend in Korea.  Min-cheol comforted Yuki and thought of her as his daughter-in-law, but one day he realizes he is looking at her as a woman.  In the end, Yuki and Min-cheol have intercourse without Ki-ho knowing...",7.4,"Romance, Drama",2017-02-09,
1311550,House of Ga'a,"At the height of the Oyo Empire, the ferocious Bashorun Ga'a became more powerful than the kings he enthroned, only to be undone by his own blood.",5.9,"Action, History",2024-07-26,
1219685,An Ideal Father,"Michel, the jovial owner of the only café in a small Normandy town, sees his life turned upside down when his teenage daughter is murdered. The community has his back but soon rumor spreads and Michel is singled out. From the ideal father, he becomes the ideal culprit.",6.438,"Drama, TV Movie",2024-04-21,
150540,Inside Out,"When 11-year-old Riley moves to a new city, her Emotions team up to help her through the transition. Joy, Fear, Anger, Disgust and Sadness work together, but when Joy and Sadness get lost, they must journey through unfamiliar places to get back home.",7.914,"Animation, Family, Adventure, Drama, Comedy",2015-06-17,"10.0, 8.0, 8.0, 10.0, 7.0, 8.0, 7.0, 6.0, 5.0"
1024721,Monolith,"A desperate young journalist turns to podcasting to salvage her career, but her rush to make headlines leads her to an alien conspiracy.",5.8,"Horror, Mystery, Science Fiction, Thriller",2023-10-26,7.0
299536,Avengers: Infinity War,"As the Avengers and their allies have continued to protect the world from threats too large for any one hero to handle, a new danger has emerged from the cosmic shadows: Thanos. A despot of intergalactic infamy, his goal is to collect all six Infinity Stones, artifacts of unimaginable power, and use them to inflict his twisted will on all of reality. Everything the Avengers have fought for has led up to this moment - the fate of Earth and existence itself has never been more uncertain.",8.246,"Adventure, Action, Science Fiction",2018-04-25,"10.0, 8.0, 4.0, 9.5, 8.0, 10.0, 6.0, 10.0, 1.0, 7.0, 10.0"
157336,Interstellar,The adventures of a group of explorers who make use of a newly discovered wormhole to surpass the limitations on human space travel and conquer the vast distances involved in an interstellar voyage.,8.44,"Adventure, Drama, Science Fiction",2014-11-05,"9.0, 9.5, 7.0, 10.0, 10.0, 4.0, 9.0, 9.0, 10.0, 9.0, 7.0, 10.0, 9.0"
1209290,Justice League: Crisis on Infinite Earths Part Three,"Now fully revealed as the ultimate threat to existence, the Anti-Monitor wages an unrelenting attack on the surviving Earths that struggle for survival in a pocket universe. One by one, these worlds and all their inhabitants are vaporized! On the planets that remain, even time itself is shattered, and heroes from the past join the Justice League and their rag-tag allies against the epitome of evil. But as they make their last stand, will the sacrifice of the superheroes be enough to save us all?",7.514,"Animation, Science Fiction, Action",2024-07-15,
1156593,Your Fault,"The love between Noah and Nick seems unbreakable, despite the manoeuvres of their parents to break them up. But his job and her entry into college open their lives to new relationships. The appearance of a revenge-seeking ex-girlfriend and Nick’s mother with unclear intentions will shake the foundations not only of their relationship, but of the Leister family itself. When so many people are out to destroy a love story, can it really end well?",0.0,"Drama, Romance",2024-12-26,
912649,Venom: The Last Dance,"Eddie and Venom are on the run. Hunted by both of their worlds and with the net closing in, the duo are forced into a devastating decision that will bring the curtains down on Venom and Eddie's last dance.",0.0,"Action, Science Fiction, Adventure",2024-10-23,
804616,Something in the Water,"After lesbian couple Meg and Kayla split following a traumatic homophobic incident, their three friends are intent on mending the rift during the wedding of Lizzie at a paradise resort. But a pre-wedding boat excursion turns to disaster and the wedding breakfast is likely to be the five girls!",6.075,"Thriller, Horror",2024-03-22,5.0
14836,Coraline,"Wandering her rambling old house in her boring new town, 11-year-old Coraline discovers a hidden door to a strangely idealized version of her life. In order to stay in the fantasy, she must make a frighteningly real sacrifice.",7.9,"Animation, Family, Fantasy",2009-02-05,"9.0, 10.0, 9.0"
385687,Fast X,"Over many missions and against impossible odds, Dom Toretto and his family have outsmarted, out-nerved and outdriven every foe in their path. Now, they confront the most lethal opponent they've ever faced: A terrifying threat emerging from the shadows of the past who's fueled by blood revenge, and who is determined to shatter this family and destroy everything—and everyone—that Dom loves, forever.",7.097,"Action, Crime, Thriller",2023-05-17,"6.0, 6.0, 2.0, 9.0, 9.0, 1.0, 5.0, 5.0, 7.0, 5.0"
1225377,The Mouse Trap,"It's Alex's 21st Birthday, but she's stuck at the amusement arcade on a late shift so her friends decide to surprise her, but a masked killer dressed as Mickey Mouse decides to play a game of his own with them which she must survive.",5.2,"Horror, Thriller, Comedy",2024-08-23,"1.0, 1.0"
939243,Sonic the Hedgehog 3,"Sonic, Knuckles, and Tails reunite against a powerful new adversary, Shadow, a mysterious villain with powers unlike anything they have faced before. With their abilities outmatched in every way, Team Sonic must seek out an unlikely alliance in hopes of stopping Shadow and protecting the planet.",0.0,"Science Fiction, Family, Comedy, Action, Adventure",2024-12-19,
1002088,Mission: Cross,"In the ultimate test of marriage, an agent-turned-househusband gets tangled in a perilous mission with his detective wife, who's clueless about his past.",6.897,"Action, Comedy, Adventure",2024-08-05,5.0
940551,Migration,"After a migrating duck family alights on their pond with thrilling tales of far-flung places, the Mallard family embarks on a family road trip, from New England, to New York City, to tropical Jamaica.",7.446,"Animation, Action, Adventure, Comedy, Family",2023-12-06,"6.0, 7.0"
667538,Transformers: Rise of the Beasts,"When a new threat capable of destroying the entire planet emerges, Optimus Prime and the Autobots must team up with a powerful faction known as the Maximals. With the fate of humanity hanging in the balance, humans Noah and Elena will do whatever it takes to help the Transformers as they engage in the ultimate battle to save Earth.",7.313,"Science Fiction, Adventure, Action",2023-06-06,"2.0, 6.0, 10.0, 7.0, 6.0"
1080512,Pandemonium,"Nathan and Daniel are caught in a road accident that kills them both. As they come to grips with their deaths, Nathan confronts his past and the consequences of his actions. Now trapped in the hellish void of Pandemonium, he encounters tortured souls like Jeanne, a disturbed child; Julia, a grief-stricken mother; and Norghul, the guide of the great void. Will he find a way to escape the torment that awaits him for eternity?",5.154,"Horror, Drama",2023-02-16,4.0
348,Alien,"During its return to the earth, commercial spaceship Nostromo intercepts a distress signal from a distant planet. When a three-member team of the crew discovers a chamber containing thousands of eggs on the planet, a creature inside one of the eggs attacks an explorer. The entire crew is unaware of the impending nightmare set to descend upon them when the alien parasite planted inside its unfortunate host is birthed.",8.154,"Horror, Science Fiction",1979-05-25,"8.0, 10.0, 10.0, 8.0, 10.0, 9.0, 7.0, 7.0, 10.0, 10.0"
1190586,Leggings Mania,"Jeong-hee was living with a man due to a de facto marriage. One day, her daughter, Dam-hoi, returned from her study abroad. Dam-hoi always wears leggings. The soon-to-be stepdad, Byeong-min, who is usually a fan of leggings, pays attention to her daughter's clothes. Jeong-hee noticed it, so she also started wearing leggings to distract her young prospective husband.",5.0,"Drama, Romance",2023-07-13,
1216191,Oddity,"After the brutal murder of her twin sister, Darcy goes after those responsible by using haunted items as her tools for revenge.",6.891,"Horror, Mystery",2024-07-19,5.0
957452,The Crow,"Soulmates Eric and Shelly are brutally murdered when the demons of her dark past catch up with them. Given the chance to save his true love by sacrificing himself, Eric sets out to seek merciless revenge on their killers, traversing the worlds of the living and the dead to put the wrong things right.",5.503,"Fantasy, Action, Horror, Thriller",2024-08-21,"6.0, 5.0, 2.0"
1048241,My Spy The Eternal City,"JJ, a veteran CIA agent, reunites with his protégé Sophie, in order to prevent a catastrophic nuclear plot targeting the Vatican.",6.679,"Action, Comedy",2024-07-18,
700979,Friend's Mothers,"A lonely young man is in dire straits, but his friend's mothers don't see him as a boy, but as a man, and take extra interest in him.",5.5,Romance,2018-07-05,
693134,Dune: Part Two,"Follow the mythic journey of Paul Atreides as he unites with Chani and the Fremen while on a path of revenge against the conspirators who destroyed his family. Facing a choice between the love of his life and the fate of the known universe, Paul endeavors to prevent a terrible future only he can foresee.",8.166,"Science Fiction, Adventure",2024-02-27,"10.0, 9.0, 7.0, 9.0, 9.0, 8.0, 8.0, 7.0, 7.0, 9.0, 2.0, 10.0, 10.0, 8.0"
335983,Venom,"Investigative journalist Eddie Brock attempts a comeback following a scandal, but accidentally becomes the host of Venom, a violent, super powerful alien symbiote. Soon, he must rely on his newfound powers to protect the world from a shadowy organization looking for a symbiote of their own.",6.827,"Science Fiction, Action",2018-09-28,"6.0, 7.0, 7.0, 9.0, 4.0, 8.0, 8.0, 8.0, 10.0"
179387,Heavenly Touch,"Jonard is having trouble making ends meet. His mother is suffering from depression, and he and his sister are forced to quit school in order to take care of her. One day, Jonard meets up his friend Rodel, and Rodel introduces him to the world of massage parlors. Rodel teaches him massage, and brings him to Heavenly Touch, a syndicate-run massage parlor that mostly caters to homosexuals.",6.2,"Drama, Romance",2009-05-12,
1051891,Thelma,"When 93-year-old Thelma Post gets duped by a phone scammer pretending to be her grandson, she sets out on a treacherous quest across the city to reclaim what was taken from her.",7.1,"Action, Comedy, Adventure",2024-06-21,"9.0, 7.0"
569094,Spider-Man: Across the Spider-Verse,"After reuniting with Gwen Stacy, Brooklyn’s full-time, friendly neighborhood Spider-Man is catapulted across the Multiverse, where he encounters the Spider Society, a team of Spider-People charged with protecting the Multiverse’s very existence. But when the heroes clash on how to handle a new threat, Miles finds himself pitted against the other Spiders and must set out on his own to save those he loves most.",8.356,"Animation, Action, Adventure, Science Fiction",2023-05-31,"6.0, 8.0, 7.0, 10.0, 9.0, 10.0, 6.0"
502356,The Super Mario Bros. Movie,"While working underground to fix a water main, Brooklyn plumbers—and brothers—Mario and Luigi are transported down a mysterious pipe and wander into a magical new world. But when the brothers are separated, Mario embarks on an epic quest to find Luigi.",7.656,"Animation, Family, Adventure, Fantasy, Comedy",2023-04-05,"5.0, 6.0, 8.0, 9.0, 7.0, 10.0, 6.0, 7.0, 5.0, 7.0, 8.0, 8.0"
729165,Out of Exile,"Recently paroled thief Gabriel Russell tries to balance his life and mend a troubled family as an FBI agent hunts him down, along with his crew after a botched armored car robbery.",6.342,"Thriller, Drama, Action, Crime",2023-01-20,
1241748,Kalikot,"Sal, a hot single professor, moves across an auto service shop and rocks the world of young repairman Arnel. Ever since Sal came over to get her car fixed, Arnel's skilled hands have always been busy. But can he still fix the problems that come with it?",6.143,Drama,2024-03-12,
646683,The Exorcism,"A troubled actor begins to unravel while shooting a supernatural horror film, leading his estranged daughter to wonder if he's slipping back into his past addictions or if there's something more sinister at play.",4.6,"Horror, Thriller",2024-05-30,"5.0, 5.0, 2.0"
177572,Big Hero 6,"A special bond develops between plus-sized inflatable robot Baymax, and prodigy Hiro Hamada, who team up with a group of friends to form a band of high-tech heroes.",7.734,"Adventure, Family, Animation, Action, Comedy",2014-10-24,"7.0, 7.0"
1103621,How to Make Millions Before Grandma Dies,"A man quits work to care for dying grandmother, motivated by her fortune. He schemes to win her favor before she passes.",8.2,Drama,2024-04-04,
1184918,The Wild Robot,"After a shipwreck, an intelligent robot called Roz is stranded on an uninhabited island. To survive the harsh environment, Roz bonds with the island's animals and cares for an orphaned baby goose.",9.1,"Animation, Science Fiction, Family",2024-09-12,
323260,The Gigolo,"Fung looks like a super-heartthrob and was bon with a special endowment, making him the high school idol. He was expelled from school when he was caught fighting on campus. When his mom, the sole provider of his family with her poultry business, had to stop working due to her back problems, Fung decides to support his family financially. And from that moment, his life takes on a tumultuous change…",4.8,"Romance, Drama, Comedy",2015-01-29,
155,The Dark Knight,"Batman raises the stakes in his war on crime. With the help of Lt. Jim Gordon and District Attorney Harvey Dent, Batman sets out to dismantle the remaining criminal organizations that plague the streets. The partnership proves to be effective, but they soon find themselves prey to a reign of chaos unleashed by a rising criminal mastermind known to the terrified citizens of Gotham as the Joker.",8.516,"Drama, Action, Crime, Thriller",2008-07-16,"10.0, 10.0, 10.0, 3.0, 10.0, 7.0, 10.0, 1.0, 7.0, 8.0"
1064375,Paradox Effect,"An innocent woman is forced to confront a dangerous kingpin who has kidnapped her young daughter and is holding her for ransom. She teams up with a corrupt Interpol agent, whose son is also being held hostage, to rip off various criminals to raise the ransom to save their offspring. Together they have one hour to save their families from the wrath of bigwig.",5.909,"Action, Thriller",2024-06-27,
1104844,BLUE LOCK THE MOVIE -EPISODE NAGI-,"One day, Nagi Seishiro receives an invitation to the mysterious BLUE LOCK Project. What awaits him there is an encounter with the finest strikers assembled from across the country. Nagi's dream of becoming the best, alongside Mikage Reo, will take this prodigy to a world he's never known.",7.3,"Animation, Action, Drama",2024-04-19,7.0
580489,Venom: Let There Be Carnage,"After finding a host body in investigative reporter Eddie Brock, the alien symbiote must face a new enemy, Carnage, the alter ego of serial killer Cletus Kasady.",6.796,"Science Fiction, Action, Adventure",2021-09-30,"7.0, 7.0, 9.0, 6.0, 7.0, 5.0, 7.0, 6.0, 6.0"
1147400,"Miraculous World: Paris, Tales of Shadybug and Claw Noir","Miraculous holders from another world appear in Paris. They come from a parallel universe where everything is reversed: the holders of Ladybug and Black Cat Miraculouses, Shadybug and Claw Noir, are the bad guys, and the holder of the Butterfly Miraculous, Hesperia, is a superhero. Ladybug and Cat Noir will have to help Hesperia counter the attacks of their evil doubles and prevent them from seizing the Butterfly's Miraculous. Can our heroes also help Hesperia make Shadybug and Claw Noir better people?",7.249,"Animation, Adventure, Action, Fantasy, Family",2023-10-21,
1309923,Non Negotiable,"Hostage negotiator Alan Bender is called to rescue the president from a kidnapping, only to find himself also mediating to save his wife and marriage.",6.0,"Action, Thriller, Comedy, Drama",2024-07-25,3.0
619433,I Don't Like Younger Men 4,"Thanks to her wealthy father, Yoo-jin runs a coffee shop. One day she runs into childhood friend Mi-ae on the streets and they have a good time catching up. Mi-ae is currently unemployed and helps Yoo-jin at the coffee shop.  Min-soo stops by the café to see his daughter, but realizes he feels rather too fond of Mi-ae, who welcomes him.",4.4,Romance,2019-07-26,
1152624,3 Days in Malay,"Marines stationed at an airfield in Malay during WWII get wind of a coming raid by the Japanese. Unable to get reinforcements approved, they engage in a harrowing 3-day battle against enemy forces.",4.942,"Action, Adventure, War",2023-08-11,
122,The Lord of the Rings: The Return of the King,"As armies mass for a final battle that will decide the fate of the world--and powerful, ancient forces of Light and Dark compete to determine the outcome--one member of the Fellowship of the Ring is revealed as the noble heir to the throne of the Kings of Men. Yet, the sole hope for triumph over evil lies with a brave hobbit, Frodo, who, accompanied by his loyal friend Sam and the hideous, wretched Gollum, ventures deep into the very dark heart of Mordor on his seemingly impossible quest to destroy the Ring of Power.​",8.48,"Adventure, Fantasy, Action",2003-12-17,"10.0, 5.0, 10.0, 10.0, 10.0, 8.0"
1023922,MaXXXine,"In 1980s Hollywood, adult film star and aspiring actress Maxine Minx finally gets her big break. But as a mysterious killer stalks the starlets of Hollywood, a trail of blood threatens to reveal her sinister past.",6.456,"Horror, Crime, Mystery",2024-07-04,"8.0, 6.0, 8.0, 6.0, 5.0, 5.0"
